<colorPrimary>ff0096ff</colorPrimary><colorPrimaryDark>ff0095ff</colorPrimaryDark><colorAccent>ff00b6ff</colorAccent><statusBarColor>ff0099ff</statusBarColor><navigationBarColor>fefcfcfb</navigationBarColor><colorControlNormal>ffffffff</colorControlNormal><colorControlHighlight>ffffffff</colorControlHighlight><colorControlActivated>ffffffff</colorControlActivated><colorButtonNormal>ffffffff</colorButtonNormal><colorForeground>ffffffff</colorForeground><colorBackground>ffffffff</colorBackground><windowBackground>ffffffff</windowBackground><textColor>ffffffff</textColor><textColorPrimaryDisableOnly>ffffffff</textColorPrimaryDisableOnly><textColorPrimary>ffffffff</textColorPrimary><Theme>AppBaseiAppTheme2</Theme>